<?xml version="1.0" encoding="UTF-8"?>
<project>
  <pomVersion>3</pomVersion>
  <groupId>joda-time</groupId>
  <artifactId>joda-time-hibernate</artifactId>
  <name>Joda time Hibernate support</name>
  <currentVersion>1.1</currentVersion>
  <shortDescription>Joda time Hibernate support</shortDescription>
  <description>
    Contribution to Joda-Time that adds Hibernate support
  </description>

  <url>http://joda-time.sourceforge.net/contrib/hibernate</url>
  <logo>/images/jodatime.png</logo>
  <issueTrackingUrl>http://sourceforge.net/tracker/?atid=617889&amp;group_id=97367&amp;func=browse</issueTrackingUrl>
  <inceptionYear>2005</inceptionYear>
  <package>org.joda.time.contrib.hibernate</package>

  <siteAddress>shell.sourceforge.net</siteAddress>
  <siteDirectory>/home/groups/j/jo/joda-time/htdocs/contrib/hibernate</siteDirectory>

  <licenses>
    <license>
      <name>Apache 2</name>
      <url>http://www.apache.org/licenses/</url>
      <distribution>repo</distribution>
    </license>
  </licenses>

  <mailingLists>
    <mailingList>
      <name>Joda Interest list</name>
      <subscribe>http://sourceforge.net/mail/?group_id=47291</subscribe>
      <unsubscribe>http://sourceforge.net/mail/?group_id=47291</unsubscribe>
      <archive>http://sourceforge.net/mailarchive/forum.php?forum_id=8530</archive>
    </mailingList>
  </mailingLists>

  <organization>
    <name>Joda.org</name>
    <url>http://www.joda.org</url>
    <logo>/images/joda.png</logo>
  </organization>

  <repository>
    <connection>scm:svn:https://joda-time.svn.sourceforge.net/svnroot/joda-time/trunk/JodaTimeContrib/hibernate/</connection>
    <url>http://joda-time.svn.sourceforge.net/viewvc/joda-time/trunk/JodaTimeContrib/hibernate/</url>
  </repository>

  <versions>
  </versions>

  <developers>
    <developer>
      <name>Mario Ivankovits</name>
      <id>imario</id>
      <email></email>
      <roles>
        <role>Lead developer</role>
      </roles>
    </developer>
    <developer>
      <name>Gregory Joseph</name>
      <id>gjoseph</id>
      <email></email>
      <roles>
        <role>Developer</role>
      </roles>
    </developer>
    <developer>
      <name>Stephen Colebourne</name>
      <id>scolebourne</id>
      <email></email>
      <roles>
        <role>Website and Release manager</role>
      </roles>
      <timezone>0</timezone>
    </developer>
  </developers>

  <dependencies>
    <dependency>
      <groupId>joda-time</groupId>
      <artifactId>joda-time</artifactId>
      <version>1.4</version>
    </dependency>
    <dependency>
      <groupId>hibernate</groupId>
      <artifactId>hibernate</artifactId>
      <version>3.0.5</version>
    </dependency>
    <dependency>
      <groupId>commons-logging</groupId>
      <artifactId>commons-logging-api</artifactId>
      <version>1.0.4</version>
    </dependency>
    <dependency>
      <groupId>commons-collections</groupId>
      <artifactId>commons-collections</artifactId>
      <version>3.1</version>
    </dependency>
    <dependency>
      <groupId>hsqldb</groupId>
      <artifactId>hsqldb</artifactId>
      <version>1.7.3.3</version>
    </dependency>
    <dependency>
      <groupId>ehcache</groupId>
      <artifactId>ehcache</artifactId>
      <version>1.1</version>
    </dependency>
    <dependency>
      <groupId>dom4j</groupId>
      <artifactId>dom4j</artifactId>
      <version>1.6</version>
    </dependency>
    <dependency>
      <groupId>cglib</groupId>
      <artifactId>cglib</artifactId>
      <version>full-2.0.2</version>
    </dependency>
    <dependency>
      <groupId>antlr</groupId>
      <artifactId>antlr</artifactId>
      <version>2.7.2</version>
    </dependency>
    <dependency>
      <groupId>jta</groupId>
      <artifactId>jta</artifactId>
      <url>http://java.sun.com/products/jta</url>
      <jar>jta-1_0_1B-classes.zip</jar>
    </dependency>
  </dependencies>

  <build>
    <sourceDirectory>src/java</sourceDirectory>
    <unitTestSourceDirectory>src/test</unitTestSourceDirectory>
    <unitTest>
      <includes>
        <include>org/joda/time/contrib/hibernate/**/Test*.java</include>
      </includes>
    </unitTest>
    <resources>
      <resource>
        <targetPath>META-INF</targetPath>
        <includes>
          <include>NOTICE.txt</include>
        </includes>
      </resource>
    </resources>
  </build>

  <reports>
     <report>maven-changelog-plugin</report>
     <report>maven-changes-plugin</report>
     <!--report>maven-checkstyle-plugin</report-->
     <!-- <report>maven-clover-plugin</report> -->
     <!--report>maven-jcoverage-plugin</report-->
     <report>maven-developer-activity-plugin</report>
     <report>maven-file-activity-plugin</report>
     <report>maven-javadoc-plugin</report>
     <!-- <report>maven-jellydoc-plugin</report> -->
     <report>maven-junit-report-plugin</report>
     <report>maven-jxr-plugin</report>
     <report>maven-license-plugin</report>
     <!--report>maven-linkcheck-plugin</report-->
     <!--report>maven-statcvs-plugin</report-->
     <!--report>maven-tasklist-plugin</report-->
  </reports>

</project>
