<?xml version="1.0" encoding="ISO-8859-1"?>

<document>
  <properties>
    <title>Java date and time API - Hibernate - Changes</title>
    <author email="scolebourne@users.sourceforge.net">Stephen Colebourne</author>
  </properties>
  <body>

    <!-- types are add, fix, remove, update -->
    <release version="1.1" date="2008-10-11" description="Bug fix version">
      <action dev="scolebourne" type="fix">
        Handle null intervals stored in database [2111763].
      </action>              
      <action dev="scolebourne" type="add">
        Add persistence for LocalDateTime.
      </action>              
    </release>

    <release version="1.0" date="2007-09-27" description="Version for Joda-Time 1.3+">
      <action dev="gjospeh" type="add">
        Add persistence for Period and Duration.
      </action>              
      <action dev="imario" type="add">
        Add persistence for LocalDate and LocalTime.
      </action>              
    </release>

    <release version="0.8" date="2005-12-29" description="Initial version">
      <action dev="imario" type="add">
        Initial version.
      </action>              
    </release>

  </body>
</document>