<?xml version="1.0" encoding="ISO-8859-1"?>

<document>

 <properties>
  <title>Java date and time API - Hibernate support - Home</title>
  <author email="scolebourne@users.sourceforge.net">Stephen Colebourne</author>
 </properties>

 <body>

<section name="Joda Time - Hibernate support">
<p>
<a href="/index.html">Joda-Time</a> provides a complete quality alternative
to the JDK date and time classes.
At some point however, many projects need to persist these classes to a database.
One popular tool for achieving this is <a href="http://www.hibernate.org/">Hibernate</a>.
</p>
<p>
To ease the integration of Joda-Time and Hibernate, this sub-project was setup.
It aims to provide the classes necessary to persist Joda-Time objects.
</p>
<p>
<!--As a flavour of the tags, here's how to format a Joda-Time object in JSP:
<source>
  &lt;%@taglib prefix="joda" uri="http://www.joda.org/joda/time/tags" %&gt;
  &lt;% pageContext.setAttribute("now", new org.joda.time.DateTime()); %&gt;
  <b>&lt;joda:format value="${now}" style="SM" /&gt;</b>
</source>-->
Version 1.1 was released on 2008-10-12 -
<a href="http://sourceforge.net/project/showfiles.php?group_id=97367&amp;package_id=174357">Download now</a>
</p>
</section>


<section name="Documentation">
<p>
Various documentation is available:
<ul>
<!--<li>The user guide - <a href="userguide.html">user guide</a></li>-->
<li>The javadoc for the <a href="api-release/index.html">current release</a></li>
<li>The javadoc for the <a href="apidocs/index.html">latest in development</a></li>
<!--li>A <a href="faq.html">FAQ</a> list</li-->
<li>The <a href="http://joda-time.svn.sourceforge.net/viewvc/joda-time/trunk/JodaTimeContrib/hibernate/">Subversion repository</a></li>
</ul>
</p>
</section>


<section name="Releases">
<p>
<a href="http://sourceforge.net/project/showfiles.php?group_id=97367&amp;package_id=174357">Release 1.1</a>
is the current latest release.
Please bear in mind that this project is separate from Joda-Time itself.
</p>
<p>
The dependencies are Joda-Time 1.3 or later and Hibernate 3.0 (plus associated dependencies).
We recommend JDK 1.4 or later, and have performed no testing on earlier JDKs.
</p>
</section>


<section name="Support">
<p>
The Joda-Time Hibernate support library was contributed to Joda-Time by Mario Ivankovits and Gregory Joseph.
Support on bugs, library usage or enhancement requests is available via:
</p>
<ul>
<li>the joda-interest <a href="mail-lists.html">mailing list</a>. Due to spam, you must be subscribed to post to the mailing list.</li>
<li>the joda-time sourceforge <a href="http://sourceforge.net/forum/forum.php?forum_id=337835">forum</a>.</li>
</ul>
<p>
<br />
</p>
<p>
<br />
</p>
</section>

</body>
</document>
